ID;first_name;last_name;personal_email;birthdate;phone;employee_type;department;maritalstatus;nationality;county;postcode;state;end_contract_date;Identification_number
1;Danial;Fromal;bodyworkprocessionals@Doricmotleyerturmoils.edu;02/07/1977;331-241-7014;Manager;Human Resources;Separated;Turkey;Harris;59982;Pennsylvania;30/07/2024;5556582242
2;Freddie;Larribas;mummificationshymen@transcendentalists.info;23/04/1970;860-623-4490;Manager;Human Resources;Widowed;Malta;Bullock;11114;Wisconsin;14/10/2024;3821547186
3;Jody;Franecki;sittershailinghales@IsraelitesHuygens.com;20/03/1980;335-730-7993;Employee;Human Resources;Separated;Jordan;Powder River;33555;Pennsylvania;12/11/2024;4068136174
4;Mario;Schmittel;treasureFischers@twistsvizorIrtish.net;29/03/1974;808-337-6888;Employee;Human Resources;Married;Malawi;Brunswick;57014;Virginia;31/10/2024;577373900
5;Russ;Cantone;Hayhayedamphetamines@Afrikanerploughshare.com;09/10/1975;267-317-7106;Employee;Human Resources;Widowed;Baker Island;Madison;34187;Illinois;04/10/2024;7387390146
6;Cecil;Pullo;chompedacidulousresolved@announcementsromper.me;29/05/1974;185-142-9075;Manager;Production Line;Separated;Serbia;Walker;20662;Puerto Rico;13/07/2024;7306959607
7;Harold;Pelowski;Galahadprimps@proclamations.org;02/01/1984;834-151-7345;Manager;Production Line;Single;Cote d'Ivoire;Lac Qui Parle;76809;District of Columbia;05/06/2022;6716416553
8;Elvis;Sostak;coronersEisenhowers@goofySchenectady.org;24/07/1985;557-120-4649;Manager;Production Line;Separated;Saint Pierre and Miquelon;Cooke;11040;New Hampshire;08/05/2024;6626383907
9;Mason;Mchayle;pittedpHbarrows@brownoutsbelladonna.me;12/01/1968;897-715-3919;Employee;Production Line;Divorced;Honduras;Bowie;43078;California;27/07/2024;8961009634
10;Tommie;Sokol;shelterspancakes@rejoindersrioters.net;10/03/1971;411-891-3797;Employee;Production Line;Separated;Kazakhstan;Marshall;64738;California;28/07/2024;6297513354
11;Lauren;Mondi;deductquittingPepsi@tediouslyjamming.gov;28/08/1967;363-419-1632;Employee;Production Line;Married;Azerbaijan;Schoolcraft;47282;Virginia;19/05/2024;5328831645
12;Lamar;Fiore;smugglerexpunged@coynesssBens.edu;23/03/1983;406-324-2482;Employee;Production Line;Separated;Virgin Islands;Apache;61412;California;05/03/2024;84135979
13;Burton;Domeyer;inductivethickenedinvestigator@cremationMachiavellian.info;08/09/1966;528-174-9722;Employee;Production Line;Separated;Europa Island;Allegan;45981;New York;12/02/2024;206754955
14;Marshall;Anzaldo;seminarssteadying@crierflyersmumblersobtains.gov;19/11/1983;609-717-3352;Employee;Production Line;Separated;Nepal;Matagorda;58695;Oklahoma;26/04/2024;8334061626
15;Duane;Mcneer;quicknessradioactivitys@portmanteauxclack.com;27/11/1973;681-568-1953;Employee;Production Line;Single;Indonesia;Conejos;54709;Rhode Island;20/06/2024;7992405101
16;Claude;Cornutt;Turkishbreezily@surreylugubriously.gov;05/09/1963;889-008-7057;Employee;Production Line;Divorced;Azerbaijan;Staunton;89714;North Dakota;13/04/2024;3372957435
17;Gilbert;Staszak;DelawareansElsa@dehumidify.net;25/12/1980;758-135-8080;Employee;Production Line;Single;Paraguay;Hot Springs;78218;Illinois;10/08/2024;9205831821
18;Eldon;Leazott;clothsanchorsidestepping@Chagallsgrufferunderstatements.edu;01/03/1976;491-333-4216;Employee;Production Line;Single;Maldives;Cameron;65203;Illinois;25/06/2024;7507682737
19;Tony;Horry;Collinsdegreepeon@octagons.edu;09/10/1988;186-734-4528;Employee;Production Line;Divorced;Marshall Islands;Archuleta;35961;South Dakota;02/10/2022;5082779339
20;German;Herevia;partitionssoured@sweatierlollygagged.com;27/01/1968;395-693-9222;Employee;Production Line;Widowed;Guinea-Bissau;Comal;43636;Oklahoma;20/01/2024;743553422
21;Sung;Millering;Earnhardtsdrool@midtowns.me;16/04/1988;689-321-7842;Employee;Production Line;Single;Japan;Lemhi;72942;New Hampshire;26/06/2024;1519415526
22;Blake;Vanderwal;economists@paranoiasdecanterGrotius.gov;21/03/1972;547-473-6175;Employee;Production Line;Single;Brazil;Blackhawk;47043;Michigan;20/02/2024;9977840562
23;Denny;Jezik;sacramentsItalians@gobblingclassical.net;21/10/1974;507-891-1048;Employee;Production Line;Married;South Korea;Forest;48550;South Dakota;13/04/2024;3371097902
24;Nathanial;Pashley;cheapskateswatermelons@dimplesinscriptions.me;07/11/1962;425-868-4752;Employee;Production Line;Married;Brazil;Choctaw;16703;American Samoa;19/01/2024;7431363467
25;Ignacio;Pittaway;docsarbiterLippis@jestedlawfullyinconsiderateness.com;24/05/1967;386-516-2329;Employee;Production Line;Separated;Kenya;Gonzales;18621;Hawaii;16/05/2024;7087412465
26;Michal;Califand;sleeveSocratesannoyance@Bathshebas.info;23/06/1982;520-994-4865;Employee;Production Line;Separated;Mali;Blount;28762;Arkansas;02/06/2024;3945974555
27;Coy;Baquerizo;bottlenecksinnermost@abeamMarkscrowning.gov;14/12/1989;847-501-0649;Employee;Production Line;Separated;San Marino;Hall;42890;Wyoming;30/07/2024;6835674867
28;Truman;Humphrey;quicksandsgraniteRosalyns@aerospaceperpetuates.me;22/04/1971;383-849-1107;Employee;Production Line;Widowed;Palau;Lawrence;63103;Idaho;25/01/2024;5228958871
29;Carmelo;Vandien;weedybusiesjoules@rupturedAmericanizations.gov;14/09/1966;352-869-2275;Manager;IT Support;Married;Borneo;Boyd;49490;North Carolina;07/06/2024;2666421156
30;Seth;Fossitt;banishesOleneks@rumble.info;08/10/1961;947-569-8601;Employee;IT Support;Separated;Baker Island;San Juan;18574;Oregon;25/03/2024;3236794315
31;Cristobal;Lopezperez;dethronement@trappedmusicals.net;16/12/1984;774-510-8824;Employee;IT Support;Married;Wake Island;Rhea;86899;South Carolina;12/12/2024;3130344943
32;Joe;Vincil;gravitysshredding@Terrtemplatescompensations.edu;28/08/1985;151-913-1964;Employee;IT Support;Separated;Sudan;Niobrara;91186;Maine;26/01/2024;2452877148
33;Otto;Longardner;unplugEgyptologys@mirroringdisenchanting.edu;28/01/1966;589-757-1454;Employee;IT Support;Married;Namibia;Silver Bow;68021;Kansas;23/08/2024;1396000308
34;Denis;Ruen;DeonsSequoyas@Evapaperbacks.info;26/09/1964;530-828-8456;Employee;IT Support;Divorced;Eritrea;Franklin;45214;Illinois;10/02/2024;2301169427
35;Nicholas;Pesco;Mentholatumflyweights@shuttlecocks.info;03/11/1984;302-931-0390;Employee;IT Support;Married;New Zealand;St. Francois;81520;Kansas;23/01/2024;6535079793
36;Glen;Hin;tarryTelePrompter@rehearsalszombiesreprocesses.org;30/12/1962;606-776-9476;Manager;Sales;Married;Jarvis Island;Bastrop;61308;American Samoa;11/03/2024;6523131771
37;Russel;Balsan;syntheticallyprogressive@fearfulnessstackwheelbarrows.info;23/12/1975;223-909-0925;Employee;Sales;Married;Swaziland;Pitt;56488;Nebraska;25/11/2024;7609521434
38;Nathaniel;Ballock;Stevensorthodonticss@stubbies.org;20/10/1972;931-671-2106;Employee;Sales;Divorced;Sudan;Huron;87089;American Samoa;22/09/2024;1858397953
39;Norberto;Gaffin;Tasmanscoeducational@cohabitedBellasgracelessnesss.me;24/09/1980;629-832-2649;Employee;Sales;Single;Mauritius;Hampden;79438;Georgia;30/09/2024;7793886337
40;Josef;Senkow;berthskeynotes@Remingtonfertilizers.net;04/11/1988;698-760-5439;Employee;Sales;Single;Portugal;Lafayette;34093;New Jersey;01/12/2024;9432351294
41;Bret;Lead;depictionsgracefulness@Arianisms.net;09/02/1965;412-071-6781;Employee;Sales;Widowed;Kyrgyzstan;Haralson;80230;American Samoa;07/02/2024;4689922479
42;Jeffery;Rupe;thwartsArawaks@modernizing.net;01/07/1987;446-505-2230;Employee;Sales;Married;Morocco;Jessamine;24237;Montana;08/02/2024;9519053714
43;Armand;Kukacka;RigolettosMadagascans@Cheshirediscussing.me;30/03/1977;569-821-7135;Manager;Customer Support;Divorced;San Marino;Gregory;52279;Alabama;10/09/2024;1167691780
44;Josiah;Calello;drubsreligions@quichesparking.org;15/05/1974;673-741-9349;Employee;Customer Support;Widowed;Andorra;Red River;38538;Michigan;26/02/2024;5877134264
45;Billy;Lamontagne;distantungratefulcloth@unrecognized.info;20/01/1976;138-823-3409;Employee;Customer Support;Married;Faroe Islands;Colusa;21966;South Carolina;18/06/2024;3304059756
46;Emery;Traficanti;survivalsbop@airlinersocarinas.info;31/03/1981;377-834-8073;Employee;Customer Support;Single;Nicaragua;Ventura;74995;New Hampshire;12/06/2024;6907161328
47;Saul;Frogner;checkerboardssops@WilkersonRonstadt.org;21/02/1977;672-450-4633;Employee;Customer Support;Divorced;Tanzania;Chattooga;26869;West Virginia;11/06/2024;9943233202
48;Dean;Vairo;reevaluateddiscoedtrillionths@bonersGuillermo.me;08/03/1972;256-113-1563;Employee;Customer Support;Single;Venezuela;Weld;20898;Oklahoma;22/11/2024;8699277709
49;Eric;Hartery;banquetsJenningsdivulges@pasteboardsseemingly.net;30/07/1966;104-564-0898;Manager;Sales;Married;Mali;Ogle;12937;Guam;15/11/2024;6523815440
